Volume,MNC_chapter,Parva,Chapter
vol-i,1,1,1
vol-i,2,1,2
vol-i,3,1,3
vol-i,4,1,4
vol-i,5,1,5
vol-i,6,1,6
vol-i,7,1,7
vol-i,8,1,8
vol-i,9,1,9
vol-i,10,1,10
vol-i,11,1,11
vol-i,12,1,12
vol-i,13,1,13
vol-i,14,1,14
vol-i,15,1,15
vol-i,16,1,16
vol-i,17,1,17
vol-i,18,1,18
vol-i,19,1,19
vol-i,20,1,20
vol-i,21,1,21
vol-i,22,1,22
vol-i,23,1,23
vol-i,24,1,24
vol-i,25,1,25
vol-i,26,1,26
vol-i,27,1,27
vol-i,28,1,28
vol-i,29,1,29
vol-i,30,1,30
vol-i,31,1,31
vol-i,32,1,32
vol-i,33,1,33
vol-i,34,1,34
vol-i,35,1,35
vol-i,36,1,36
vol-i,37,1,37
vol-i,38,1,38
vol-i,39,1,39
vol-i,40,1,40
vol-i,41,1,41
vol-i,42,1,42
vol-i,43,1,43
vol-i,44,1,44
vol-i,45,1,45
vol-i,46,1,46
vol-i,47,1,47
vol-i,48,1,48
vol-i,49,1,49
vol-i,50,1,50
vol-i,51,1,51
vol-i,52,1,52
vol-i,53,1,53
vol-i,54,1,54
vol-i,55,1,55
vol-i,56,1,56
vol-i,57,1,57
vol-i,58,1,58
vol-i,59,1,59
vol-i,60,1,60
vol-i,61,1,61
vol-i,62,1,62
vol-i,63,1,63
vol-i,64,1,64
vol-i,65,1,65
vol-i,66,1,66
vol-i,67,1,67
vol-i,68,1,68
vol-i,69,1,69
vol-i,70,1,70
vol-i,71,1,71
vol-i,72,1,72
vol-i,73,1,73
vol-i,74,1,74
vol-i,75,1,75
vol-i,76,1,76
vol-i,77,1,77
vol-i,78,1,78
vol-i,79,1,79
vol-i,80,1,80
vol-i,81,1,81
vol-i,82,1,82
vol-i,83,1,83
vol-i,84,1,84
vol-i,85,1,85
vol-i,86,1,86
vol-i,87,1,87
vol-i,88,1,88
vol-i,89,1,89
vol-i,90,1,90
vol-i,91,1,91
vol-i,92,1,92
vol-i,93,1,93
vol-i,94,1,94
vol-i,95,1,95
vol-i,96,1,96
vol-i,97,1,97
vol-i,98,1,98
vol-i,99,1,99
vol-i,100,1,100
vol-i,101,1,101
vol-i,102,1,102
vol-i,103,1,103
vol-i,104,1,104
vol-i,105,1,105
vol-i,106,1,106
vol-i,107,1,107
vol-i,108,1,108
vol-i,109,1,109
vol-i,110,1,110
vol-i,111,1,111
vol-i,112,1,112
vol-i,113,1,113
vol-i,114,1,114
vol-i,115,1,115
vol-i,116,1,116
vol-i,117,1,117
vol-i,118,1,118
vol-i,119,1,119
vol-i,120,1,120
vol-i,121,1,121
vol-i,122,1,122
vol-i,123,1,123
vol-i,124,1,124
vol-i,125,1,125
vol-i,126,1,126
vol-i,127,1,127
vol-i,128,1,128
vol-i,129,1,129
vol-i,130,1,130
vol-i,131,1,131
vol-i,132,1,132
vol-i,133,1,133
vol-i,134,1,134
vol-i,135,1,135
vol-i,136,1,136
vol-i,137,1,137
vol-i,138,1,138
vol-i,139,1,139
vol-i,140,1,140
vol-i,141,1,141
vol-i,142,1,142
vol-i,143,1,143
vol-i,144,1,144
vol-i,145,1,145
vol-i,146,1,146
vol-i,147,1,147
vol-i,148,1,148
vol-i,149,1,149
vol-i,150,1,150
vol-i,151,1,151
vol-i,152,1,152
vol-i,153,1,153
vol-i,154,1,154
vol-i,155,1,155
vol-i,156,1,156
vol-i,157,1,157
vol-i,158,1,158
vol-i,159,1,159
vol-i,160,1,160
vol-i,161,1,161
vol-i,162,1,162
vol-i,163,1,163
vol-i,164,1,164
vol-i,165,1,165
vol-i,166,1,166
vol-i,167,1,167
vol-i,168,1,168
vol-i,169,1,169
vol-i,170,1,170
vol-i,171,1,171
vol-i,172,1,172
vol-i,173,1,173
vol-i,174,1,174
vol-i,175,1,175
vol-i,176,1,176
vol-i,177,1,177
vol-i,178,1,178
vol-i,179,1,179
vol-i,180,1,180
vol-i,181,1,181
vol-i,182,1,182
vol-i,183,1,183
vol-i,184,1,184
vol-i,185,1,185
vol-i,186,1,186
vol-i,187,1,187
vol-i,188,1,188
vol-i,189,1,189
vol-i,190,1,190
vol-i,191,1,191
vol-i,192,1,192
vol-i,193,1,193
vol-i,194,1,194
vol-i,195,1,195
vol-i,196,1,196
vol-i,197,1,197
vol-i,198,1,198
vol-i,199,1,199
vol-i,200,1,200
vol-i,201,1,201
vol-i,202,1,202
vol-i,203,1,203
vol-i,204,1,204
vol-i,205,1,205
vol-i,206,1,206
vol-i,207,1,207
vol-i,208,1,208
vol-i,209,1,209
vol-i,210,1,210
vol-i,211,1,211
vol-i,212,1,212
vol-i,213,1,213
vol-i,214,1,214
vol-i,215,1,215
vol-i,216,1,216
vol-i,217,1,217
vol-i,218,1,218
vol-i,219,1,219
vol-i,220,1,220
vol-i,221,1,221
vol-i,222,1,222
vol-i,223,1,223
vol-i,224,1,224
vol-i,225,1,225
vol-i,226,1,226
vol-i,227,1,227
vol-i,228,1,228
vol-i,229,1,229
vol-i,230,1,230
vol-i,231,1,231
vol-i,232,1,232
vol-i,233,1,233
vol-i,234,1,234
vol-i,235,2,1
vol-i,236,2,2
vol-i,237,2,3
vol-i,238,2,4
vol-i,239,2,5
vol-i,240,2,6
vol-i,241,2,7
vol-i,242,2,8
vol-i,243,2,9
vol-i,244,2,10
vol-i,245,2,11
vol-i,246,2,12
vol-i,247,2,13
vol-i,248,2,14
vol-i,249,2,15
vol-i,250,2,16
vol-i,251,2,17
vol-i,252,2,18
vol-i,253,2,19
vol-i,254,2,20
vol-i,255,2,21
vol-i,256,2,22
vol-i,257,2,23
vol-i,258,2,24
vol-i,259,2,25
vol-i,260,2,26
vol-i,261,2,27
vol-i,262,2,28
vol-i,263,2,29
vol-i,264,2,30
vol-i,265,2,31
vol-i,266,2,32
vol-i,267,2,33
vol-i,268,2,34
vol-i,269,2,35
vol-i,270,2,36
vol-i,271,2,37
vol-i,272,2,38
vol-i,273,2,39
vol-i,274,2,40
vol-i,275,2,41
vol-i,276,2,42
vol-i,277,2,43
vol-i,278,2,44
vol-i,279,2,45
vol-i,280,2,46
vol-i,281,2,47
vol-i,282,2,48
vol-i,283,2,49
vol-i,284,2,50
vol-i,285,2,51
vol-i,286,2,52
vol-i,287,2,53
vol-i,288,2,54
vol-i,289,2,55
vol-i,290,2,56
vol-i,291,2,57
vol-i,292,2,58
vol-i,293,2,59
vol-i,294,2,60
vol-i,295,2,61
vol-i,296,2,62
vol-i,297,2,63
vol-i,298,2,64
vol-i,299,2,65
vol-i,300,2,66
vol-i,301,2,67
vol-i,302,2,68
vol-i,303,2,69
vol-i,304,2,70
vol-i,305,2,71
vol-i,306,2,72
vol-i,307,2,73
vol-i,308,2,74
vol-i,309,2,75
vol-i,310,2,76
vol-i,311,2,77
vol-i,312,2,78
vol-i,313,2,79
vol-i,314,2,80
vol-i,315,2,81
vol-ii,1,3,1
vol-ii,2,3,2
vol-ii,3,3,3
vol-ii,4,3,4
vol-ii,5,3,5
vol-ii,6,3,6
vol-ii,7,3,7
vol-ii,8,3,8
vol-ii,9,3,9
vol-ii,10,3,10
vol-ii,11,3,11
vol-ii,12,3,12
vol-ii,13,3,13
vol-ii,14,3,14
vol-ii,15,3,15
vol-ii,16,3,16
vol-ii,17,3,17
vol-ii,18,3,18
vol-ii,19,3,19
vol-ii,20,3,20
vol-ii,21,3,21
vol-ii,22,3,22
vol-ii,23,3,23
vol-ii,24,3,24
vol-ii,25,3,25
vol-ii,26,3,26
vol-ii,27,3,27
vol-ii,28,3,28
vol-ii,29,3,29
vol-ii,30,3,30
vol-ii,31,3,31
vol-ii,32,3,32
vol-ii,33,3,33
vol-ii,34,3,34
vol-ii,35,3,35
vol-ii,36,3,36
vol-ii,37,3,37
vol-ii,38,3,38
vol-ii,39,3,39
vol-ii,40,3,40
vol-ii,41,3,41
vol-ii,42,3,42
vol-ii,43,3,43
vol-ii,44,3,44
vol-ii,45,3,45
vol-ii,46,3,46
vol-ii,47,3,47
vol-ii,48,3,48
vol-ii,49,3,49
vol-ii,50,3,50
vol-ii,51,3,51
vol-ii,52,3,52
vol-ii,53,3,53
vol-ii,54,3,54
vol-ii,55,3,55
vol-ii,56,3,56
vol-ii,57,3,57
vol-ii,58,3,58
vol-ii,59,3,59
vol-ii,60,3,60
vol-ii,61,3,61
vol-ii,62,3,62
vol-ii,63,3,63
vol-ii,64,3,64
vol-ii,65,3,65
vol-ii,66,3,66
vol-ii,67,3,67
vol-ii,68,3,68
vol-ii,69,3,69
vol-ii,70,3,70
vol-ii,71,3,71
vol-ii,72,3,72
vol-ii,73,3,73
vol-ii,74,3,74
vol-ii,75,3,75
vol-ii,76,3,76
vol-ii,77,3,77
vol-ii,78,3,78
vol-ii,79,3,79
vol-ii,80,3,80
vol-ii,81,3,81
vol-ii,82,3,82
vol-ii,83,3,83
vol-ii,84,3,84
vol-ii,85,3,85
vol-ii,86,3,86
vol-ii,87,3,87
vol-ii,88,3,88
vol-ii,89,3,89
vol-ii,90,3,90
vol-ii,91,3,91
vol-ii,92,3,92
vol-ii,93,3,93
vol-ii,94,3,94
vol-ii,95,3,95
vol-ii,96,3,96
vol-ii,97,3,97
vol-ii,98,3,98
vol-ii,99,3,99
vol-ii,100,3,100
vol-ii,101,3,101
vol-ii,102,3,102
vol-ii,103,3,103
vol-ii,104,3,104
vol-ii,105,3,105
vol-ii,106,3,106
vol-ii,107,3,107
vol-ii,108,3,108
vol-ii,109,3,109
vol-ii,110,3,110
vol-ii,111,3,111
vol-ii,112,3,112
vol-ii,113,3,113
vol-ii,114,3,114
vol-ii,115,3,115
vol-ii,116,3,116
vol-ii,117,3,117
vol-ii,118,3,118
vol-ii,119,3,119
vol-ii,120,3,120
vol-ii,121,3,121
vol-ii,122,3,122
vol-ii,123,3,123
vol-ii,124,3,124
vol-ii,125,3,125
vol-ii,126,3,126
vol-ii,127,3,127
vol-ii,128,3,128
vol-ii,129,3,129
vol-ii,130,3,130
vol-ii,131,3,131
vol-ii,132,3,132
vol-ii,133,3,133
vol-ii,134,3,134
vol-ii,135,3,135
vol-ii,136,3,136
vol-ii,137,3,137
vol-ii,138,3,138
vol-ii,139,3,139
vol-ii,140,3,140
vol-ii,141,3,141
vol-ii,142,3,142
vol-ii,143,3,143
vol-ii,144,3,144
vol-ii,145,3,145
vol-ii,146,3,146
vol-ii,147,3,147
vol-ii,148,3,148
vol-ii,149,3,149
vol-ii,150,3,150
vol-ii,151,3,151
vol-ii,152,3,152
vol-ii,153,3,153
vol-ii,154,3,154
vol-ii,155,3,155
vol-ii,156,3,156
vol-ii,157,3,157
vol-ii,158,3,158
vol-ii,159,3,159
vol-ii,160,3,160
vol-ii,161,3,161
vol-ii,162,3,162
vol-ii,163,3,163
vol-ii,164,3,164
vol-ii,165,3,165
vol-ii,166,3,166
vol-ii,167,3,167
vol-ii,168,3,168
vol-ii,169,3,169
vol-ii,170,3,170
vol-ii,171,3,171
vol-ii,172,3,172
vol-ii,173,3,173
vol-ii,174,3,174
vol-ii,175,3,175
vol-ii,176,3,176
vol-ii,177,3,177
vol-ii,178,3,178
vol-ii,179,3,179
vol-ii,180,3,180
vol-ii,181,3,181
vol-ii,182,3,182
vol-ii,183,3,183
vol-ii,184,3,184
vol-ii,185,3,185
vol-ii,186,3,186
vol-ii,187,3,187
vol-ii,188,3,188
vol-ii,189,3,189
vol-ii,190,3,190
vol-ii,191,3,191
vol-ii,192,3,192
vol-ii,193,3,193
vol-ii,194,3,194
vol-ii,195,3,195
vol-ii,196,3,196
vol-ii,197,3,197
vol-ii,198,3,198
vol-ii,199,3,199
vol-ii,200,3,200
vol-ii,201,3,201
vol-ii,202,3,202
vol-ii,203,3,203
vol-ii,204,3,204
vol-ii,205,3,205
vol-ii,206,3,206
vol-ii,207,3,207
vol-ii,208,3,208
vol-ii,209,3,209
vol-ii,210,3,210
vol-ii,211,3,211
vol-ii,212,3,212
vol-ii,213,3,213
vol-ii,214,3,214
vol-ii,215,3,215
vol-ii,216,3,216
vol-ii,217,3,217
vol-ii,218,3,218
vol-ii,219,3,219
vol-ii,220,3,220
vol-ii,221,3,221
vol-ii,222,3,222
vol-ii,223,3,223
vol-ii,224,3,224
vol-ii,225,3,225
vol-ii,226,3,226
vol-ii,227,3,227
vol-ii,228,3,228
vol-ii,229,3,229
vol-ii,230,3,230
vol-ii,231,3,231
vol-ii,232,3,232
vol-ii,233,3,233
vol-ii,234,3,234
vol-ii,235,3,235
vol-ii,236,3,236
vol-ii,237,3,237
vol-ii,238,3,238
vol-ii,239,3,239
vol-ii,240,3,240
vol-ii,241,3,241
vol-ii,242,3,242
vol-ii,243,3,243
vol-ii,244,3,244
vol-ii,245,3,245
vol-ii,246,3,246
vol-ii,247,3,247
vol-ii,248,3,248
vol-ii,249,3,249
vol-ii,250,3,250
vol-ii,251,3,251
vol-ii,252,3,252
vol-ii,253,3,253
vol-ii,254,3,254
vol-ii,255,3,255
vol-ii,256,3,256
vol-ii,257,3,257
vol-ii,258,3,258
vol-ii,259,3,259
vol-ii,260,3,260
vol-ii,261,3,261
vol-ii,262,3,262
vol-ii,263,3,263
vol-ii,264,3,264
vol-ii,265,3,265
vol-ii,266,3,266
vol-ii,267,3,267
vol-ii,268,3,268
vol-ii,269,3,269
vol-ii,270,3,270
vol-ii,271,3,271
vol-ii,272,3,272
vol-ii,273,3,273
vol-ii,274,3,274
vol-ii,275,3,275
vol-ii,276,3,276
vol-ii,277,3,277
vol-ii,278,3,278
vol-ii,279,3,279
vol-ii,280,3,280
vol-ii,281,3,281
vol-ii,282,3,282
vol-ii,283,3,283
vol-ii,284,3,284
vol-ii,285,3,285
vol-ii,286,3,286
vol-ii,287,3,287
vol-ii,288,3,288
vol-ii,289,3,289
vol-ii,290,3,290
vol-ii,291,3,291
vol-ii,292,3,292
vol-ii,293,3,293
vol-ii,294,3,294
vol-ii,295,3,295
vol-ii,296,3,296
vol-ii,297,3,297
vol-ii,298,3,298
vol-ii,299,3,299
vol-ii,300,3,300
vol-ii,301,3,301
vol-ii,302,3,302
vol-ii,303,3,303
vol-ii,304,3,304
vol-ii,305,3,305
vol-ii,306,3,306
vol-ii,307,3,307
vol-ii,308,3,308
vol-ii,309,3,309
vol-ii,310,3,310
vol-ii,311,3,311
vol-ii,312,3,312
vol-ii,313,3,313
vol-ii,314,3,314
vol-ii,315,3,315
vol-iii,1,4,1
vol-iii,2,4,2
vol-iii,3,4,3
vol-iii,4,4,4
vol-iii,5,4,5
vol-iii,6,4,6
vol-iii,7,4,7
vol-iii,8,4,8
vol-iii,9,4,9
vol-iii,10,4,10
vol-iii,11,4,11
vol-iii,12,4,12
vol-iii,13,4,13
vol-iii,14,4,14
vol-iii,15,4,15
vol-iii,16,4,16
vol-iii,17,4,17
vol-iii,18,4,18
vol-iii,19,4,19
vol-iii,20,4,20
vol-iii,21,4,21
vol-iii,22,4,22
vol-iii,23,4,23
vol-iii,24,4,24
vol-iii,25,4,25
vol-iii,26,4,26
vol-iii,27,4,27
vol-iii,28,4,28
vol-iii,29,4,29
vol-iii,30,4,30
vol-iii,31,4,31
vol-iii,32,4,32
vol-iii,33,4,33
vol-iii,34,4,34
vol-iii,35,4,35
vol-iii,36,4,36
vol-iii,37,4,37
vol-iii,38,4,38
vol-iii,39,4,39
vol-iii,40,4,40
vol-iii,41,4,41
vol-iii,42,4,42
vol-iii,43,4,43
vol-iii,44,4,44
vol-iii,45,4,45
vol-iii,46,4,46
vol-iii,47,4,47
vol-iii,48,4,48
vol-iii,49,4,49
vol-iii,50,4,50
vol-iii,51,4,51
vol-iii,52,4,52
vol-iii,53,4,53
vol-iii,54,4,54
vol-iii,55,4,55
vol-iii,56,4,56
vol-iii,57,4,57
vol-iii,58,4,58
vol-iii,59,4,59
vol-iii,60,4,60
vol-iii,61,4,61
vol-iii,62,4,62
vol-iii,63,4,63
vol-iii,64,4,64
vol-iii,65,4,65
vol-iii,66,4,66
vol-iii,67,4,67
vol-iii,68,4,68
vol-iii,69,4,69
vol-iii,70,4,70
vol-iii,71,4,71
vol-iii,72,4,72
vol-iii,73,5,1
vol-iii,74,5,2
vol-iii,75,5,3
vol-iii,76,5,4
vol-iii,77,5,5
vol-iii,78,5,6
vol-iii,79,5,7
vol-iii,80,5,8
vol-iii,81,5,9
vol-iii,82,5,10
vol-iii,83,5,11
vol-iii,84,5,12
vol-iii,85,5,13
vol-iii,86,5,14
vol-iii,87,5,15
vol-iii,88,5,16
vol-iii,89,5,17
vol-iii,90,5,18
vol-iii,91,5,19
vol-iii,92,5,20
vol-iii,93,5,21
vol-iii,94,5,22
vol-iii,95,5,23
vol-iii,96,5,24
vol-iii,97,5,25
vol-iii,98,5,26
vol-iii,99,5,27
vol-iii,100,5,28
vol-iii,101,5,29
vol-iii,102,5,30
vol-iii,103,5,31
vol-iii,104,5,32
vol-iii,105,5,33
vol-iii,106,5,34
vol-iii,107,5,35
vol-iii,108,5,36
vol-iii,109,5,37
vol-iii,110,5,38
vol-iii,111,5,39
vol-iii,112,5,40
vol-iii,113,5,41
vol-iii,114,5,42
vol-iii,115,5,43
vol-iii,116,5,44
vol-iii,117,5,45
vol-iii,118,5,46
vol-iii,119,5,47
vol-iii,120,5,48
vol-iii,121,5,49
vol-iii,122,5,50
vol-iii,123,5,51
vol-iii,124,5,52
vol-iii,125,5,53
vol-iii,126,5,54
vol-iii,127,5,55
vol-iii,128,5,56
vol-iii,129,5,57
vol-iii,130,5,58
vol-iii,131,5,59
vol-iii,132,5,60
vol-iii,133,5,61
vol-iii,134,5,63
vol-iii,135,5,64
vol-iii,136,5,65
vol-iii,137,5,66
vol-iii,138,5,67
vol-iii,139,5,68
vol-iii,140,5,69
vol-iii,141,5,70
vol-iii,142,5,71
vol-iii,143,5,73
vol-iii,144,5,74
vol-iii,145,5,75
vol-iii,146,5,76
vol-iii,147,5,77
vol-iii,148,5,78
vol-iii,149,5,79
vol-iii,150,5,80
vol-iii,151,5,81
vol-iii,152,5,82
vol-iii,153,5,83
vol-iii,154,5,84
vol-iii,155,5,85
vol-iii,156,5,86
vol-iii,157,5,87
vol-iii,158,5,88
vol-iii,159,5,89
vol-iii,160,5,90
vol-iii,161,5,91
vol-iii,162,5,92
vol-iii,163,5,93
vol-iii,164,5,94
vol-iii,165,5,95
vol-iii,166,5,96
vol-iii,167,5,97
vol-iii,168,5,98
vol-iii,169,5,99
vol-iii,170,5,100
vol-iii,171,5,101
vol-iii,172,5,102
vol-iii,173,5,103
vol-iii,174,5,104
vol-iii,175,5,105
vol-iii,176,5,106
vol-iii,177,5,107
vol-iii,178,5,108
vol-iii,179,5,109
vol-iii,180,5,110
vol-iii,181,5,111
vol-iii,182,5,112
vol-iii,183,5,113
vol-iii,184,5,114
vol-iii,185,5,115
vol-iii,186,5,116
vol-iii,187,5,117
vol-iii,188,5,118
vol-iii,189,5,119
vol-iii,190,5,120
vol-iii,191,5,121
vol-iii,192,5,122
vol-iii,193,5,123
vol-iii,194,5,124
vol-iii,195,5,125
vol-iii,196,5,126
vol-iii,197,5,127
vol-iii,198,5,128
vol-iii,199,5,129
vol-iii,200,5,130
vol-iii,201,5,131
vol-iii,202,5,132
vol-iii,203,5,133
vol-iii,204,5,134
vol-iii,205,5,135
vol-iii,206,5,136
vol-iii,207,5,137
vol-iii,208,5,138
vol-iii,209,5,139
vol-iii,210,5,140
vol-iii,211,5,141
vol-iii,212,5,142
vol-iii,213,5,143
vol-iii,214,5,144
vol-iii,215,5,145
vol-iii,216,5,146
vol-iii,217,5,147
vol-iii,218,5,148
vol-iii,219,5,149
vol-iii,220,5,150
vol-iii,221,5,151
vol-iii,222,5,152
vol-iii,223,5,153
vol-iii,224,5,154
vol-iii,225,5,155
vol-iii,226,5,156
vol-iii,227,5,157
vol-iii,228,5,158
vol-iii,229,5,159
vol-iii,230,5,160
vol-iii,231,5,161
vol-iii,232,5,163
vol-iii,233,5,164
vol-iii,234,5,165
vol-iii,235,5,166
vol-iii,236,5,167
vol-iii,237,5,168
vol-iii,238,5,169
vol-iii,239,5,170
vol-iii,240,5,171
vol-iii,241,5,172
vol-iii,242,5,173
vol-iii,243,5,174
vol-iii,244,5,175
vol-iii,245,5,176
vol-iii,246,5,177
vol-iii,247,5,177
vol-iii,248,5,178
vol-iii,249,5,181
vol-iii,250,5,182
vol-iii,251,5,183
vol-iii,252,5,184
vol-iii,253,5,185
vol-iii,254,5,186
vol-iii,255,5,187
vol-iii,256,5,188
vol-iii,257,5,189
vol-iii,258,5,190
vol-iii,259,5,191
vol-iii,260,5,192
vol-iii,261,5,193
vol-iii,262,5,194
vol-iii,263,5,195
vol-iii,264,5,196
vol-iii,265,5,197
vol-iii,266,5,198
vol-iv,1,6,1
vol-iv,2,6,2
vol-iv,3,6,3
vol-iv,4,6,4
vol-iv,5,6,5
vol-iv,6,6,6
vol-iv,7,6,7
vol-iv,8,6,8
vol-iv,9,6,9
vol-iv,10,6,10
vol-iv,11,6,11
vol-iv,12,6,12
vol-iv,13,6,13
vol-iv,14,6,14
vol-iv,15,6,15
vol-iv,16,6,16
vol-iv,17,6,16
vol-iv,18,6,17
vol-iv,19,6,18
vol-iv,20,6,19
vol-iv,21,6,20
vol-iv,22,6,21
vol-iv,23,6,22
vol-iv,24,6,23
vol-iv,25,6,24
vol-iv,26,6,25
vol-iv,27,6,26
vol-iv,28,6,27
vol-iv,29,6,28
vol-iv,30,6,29
vol-iv,31,6,30
vol-iv,32,6,31
vol-iv,33,6,32
vol-iv,34,6,33
vol-iv,35,6,34
vol-iv,36,6,35
vol-iv,37,6,36
vol-iv,38,6,37
vol-iv,39,6,38
vol-iv,40,6,39
vol-iv,41,6,40
vol-iv,42,6,41
vol-iv,43,6,42
vol-iv,44,6,43
vol-iv,45,6,44
vol-iv,46,6,45
vol-iv,47,6,46
vol-iv,48,6,47
vol-iv,49,6,48
vol-iv,50,6,49
vol-iv,51,6,50
vol-iv,52,6,51
vol-iv,53,6,52
vol-iv,54,6,53
vol-iv,55,6,54
vol-iv,56,6,55
vol-iv,57,6,56
vol-iv,58,6,57
vol-iv,59,6,58
vol-iv,60,6,59
vol-iv,61,6,60
vol-iv,62,6,61
vol-iv,63,6,62
vol-iv,64,6,63
vol-iv,65,6,64
vol-iv,66,6,65
vol-iv,67,6,66
vol-iv,68,6,67
vol-iv,69,6,68
vol-iv,70,6,69
vol-iv,71,6,70
vol-iv,72,6,71
vol-iv,73,6,72
vol-iv,74,6,73
vol-iv,75,6,74
vol-iv,76,6,75
vol-iv,77,6,76
vol-iv,78,6,77
vol-iv,79,6,78
vol-iv,80,6,79
vol-iv,81,6,80
vol-iv,82,6,81
vol-iv,83,6,82
vol-iv,84,6,83
vol-iv,85,6,84
vol-iv,86,6,85
vol-iv,87,6,86
vol-iv,88,6,87
vol-iv,89,6,88
vol-iv,90,6,89
vol-iv,91,6,90
vol-iv,92,6,91
vol-iv,93,6,92
vol-iv,94,6,93
vol-iv,95,6,94
vol-iv,96,6,95
vol-iv,97,6,96
vol-iv,98,6,97
vol-iv,99,6,98
vol-iv,100,6,99
vol-iv,101,6,100
vol-iv,102,6,101
vol-iv,103,6,102
vol-iv,104,6,103
vol-iv,105,6,104
vol-iv,106,6,105
vol-iv,107,6,106
vol-iv,108,6,107
vol-iv,109,6,108
vol-iv,110,6,109
vol-iv,111,6,110
vol-iv,112,6,111
vol-iv,113,6,112
vol-iv,114,6,113
vol-iv,115,6,114
vol-iv,116,6,115
vol-iv,117,6,116
vol-iv,118,6,117
vol-iv,119,6,118
vol-iv,120,6,119
vol-iv,121,6,120
vol-iv,122,6,122
vol-iv,123,6,123
vol-iv,124,6,124
vol-v,1,7,1
vol-v,2,7,2
vol-v,3,7,3
vol-v,4,7,4
vol-v,5,7,5
vol-v,6,7,6
vol-v,7,7,7
vol-v,8,7,8
vol-v,9,7,9
vol-v,10,7,10
vol-v,11,7,11
vol-v,12,7,12
vol-v,13,7,13
vol-v,14,7,14
vol-v,15,7,15
vol-v,16,7,16
vol-v,17,7,17
vol-v,18,7,18
vol-v,19,7,19
vol-v,20,7,20
vol-v,21,7,21
vol-v,22,7,22
vol-v,23,7,23
vol-v,24,7,24
vol-v,25,7,25
vol-v,26,7,26
vol-v,27,7,27
vol-v,28,7,28
vol-v,29,7,29
vol-v,30,7,30
vol-v,31,7,31
vol-v,32,7,32
vol-v,33,7,33
vol-v,34,7,34
vol-v,35,7,35
vol-v,36,7,36
vol-v,37,7,37
vol-v,38,7,38
vol-v,39,7,39
vol-v,40,7,40
vol-v,41,7,41
vol-v,42,7,42
vol-v,43,7,43
vol-v,44,7,44
vol-v,45,7,45
vol-v,46,7,46
vol-v,47,7,47
vol-v,48,7,48
vol-v,49,7,49
vol-v,50,7,50
vol-v,51,7,51
vol-v,52,7,52
vol-v,53,7,53
vol-v,54,7,54
vol-v,55,7,55
vol-v,56,7,56
vol-v,57,7,57
vol-v,58,7,58
vol-v,59,7,59
vol-v,60,7,60
vol-v,61,7,61
vol-v,62,7,62
vol-v,63,7,63
vol-v,64,7,64
vol-v,65,7,65
vol-v,66,7,66
vol-v,67,7,67
vol-v,68,7,68
vol-v,69,7,69
vol-v,70,7,70
vol-v,71,7,71
vol-v,72,7,72
vol-v,73,7,73
vol-v,74,7,74
vol-v,75,7,75
vol-v,76,7,76
vol-v,77,7,77
vol-v,78,7,78
vol-v,79,7,79
vol-v,80,7,80
vol-v,81,7,81
vol-v,82,7,82
vol-v,83,7,83
vol-v,84,7,84
vol-v,85,7,85
vol-v,86,7,86
vol-v,87,7,87
vol-v,88,7,88
vol-v,89,7,89
vol-v,90,7,90
vol-v,91,7,91
vol-v,92,7,92
vol-v,93,7,93
vol-v,94,7,94
vol-v,95,7,95
vol-v,96,7,96
vol-v,97,7,97
vol-v,98,7,98
vol-v,99,7,99
vol-v,100,7,100
vol-v,101,7,101
vol-v,102,7,102
vol-v,103,7,103
vol-v,104,7,104
vol-v,105,7,105
vol-v,106,7,106
vol-v,107,7,107
vol-v,108,7,108
vol-v,109,7,109
vol-v,110,7,110
vol-v,111,7,111
vol-v,112,7,112
vol-v,113,7,113
vol-v,114,7,114
vol-v,115,7,115
vol-v,116,7,116
vol-v,117,7,117
vol-v,118,7,118
vol-v,119,7,119
vol-v,120,7,120
vol-v,121,7,121
vol-v,122,7,122
vol-v,123,7,123
vol-v,124,7,124
vol-v,125,7,125
vol-v,126,7,126
vol-v,127,7,127
vol-v,128,7,128
vol-v,129,7,129
vol-v,130,7,130
vol-v,131,7,131
vol-v,132,7,132
vol-v,133,7,133
vol-v,134,7,134
vol-v,135,7,135
vol-v,136,7,136
vol-v,137,7,137
vol-v,138,7,138
vol-v,139,7,139
vol-v,140,7,140
vol-v,141,7,141
vol-v,142,7,142
vol-v,143,7,143
vol-v,144,7,144
vol-v,145,7,145
vol-v,146,7,146
vol-v,147,7,147
vol-v,148,7,148
vol-v,149,7,149
vol-v,150,7,150
vol-v,151,7,151
vol-v,152,7,152
vol-v,153,7,153
vol-v,154,7,154
vol-v,155,7,155
vol-v,156,7,156
vol-v,157,7,157
vol-v,158,7,158
vol-v,159,7,159
vol-v,160,7,160
vol-v,161,7,161
vol-v,162,7,162
vol-v,163,7,163
vol-v,164,7,164
vol-v,165,7,165
vol-v,166,7,166
vol-v,167,7,167
vol-v,168,7,168
vol-v,169,7,169
vol-v,170,7,170
vol-v,171,7,171
vol-v,172,7,172
vol-v,173,7,173
vol-v,174,7,174
vol-v,175,7,175
vol-v,176,7,176
vol-v,177,7,177
vol-v,178,7,178
vol-v,179,7,179
vol-v,180,7,180
vol-v,181,7,181
vol-v,182,7,182
vol-v,183,7,183
vol-v,184,7,184
vol-v,185,7,185
vol-v,186,7,186
vol-v,187,7,187
vol-v,188,7,188
vol-v,189,7,189
vol-v,190,7,190
vol-v,191,7,191
vol-v,192,7,192
vol-v,193,7,193
vol-v,194,7,194
vol-v,195,7,195
vol-v,196,7,196
vol-v,197,7,197
vol-v,198,7,198
vol-v,199,7,199
vol-v,200,7,200
vol-v,201,7,201
vol-v,202,7,202
vol-v,203,7,203
vol-vi,1,8,1
vol-vi,2,8,2
vol-vi,3,8,3
vol-vi,4,8,4
vol-vi,5,8,5
vol-vi,6,8,6
vol-vi,7,8,7
vol-vi,8,8,8
vol-vi,9,8,9
vol-vi,10,8,10
vol-vi,11,8,11
vol-vi,12,8,12
vol-vi,13,8,13
vol-vi,14,8,14
vol-vi,15,8,15
vol-vi,16,8,16
vol-vi,17,8,17
vol-vi,18,8,18
vol-vi,19,8,19
vol-vi,20,8,20
vol-vi,21,8,21
vol-vi,22,8,22
vol-vi,23,8,23
vol-vi,24,8,24
vol-vi,25,8,25
vol-vi,26,8,26
vol-vi,27,8,27
vol-vi,28,8,28
vol-vi,29,8,29
vol-vi,30,8,30
vol-vi,31,8,31
vol-vi,32,8,32
vol-vi,33,8,33
vol-vi,34,8,34
vol-vi,35,8,35
vol-vi,36,8,36
vol-vi,37,8,37
vol-vi,38,8,38
vol-vi,39,8,39
vol-vi,40,8,40
vol-vi,41,8,41
vol-vi,42,8,42
vol-vi,43,8,43
vol-vi,44,8,44
vol-vi,45,8,45
vol-vi,46,8,46
vol-vi,47,8,47
vol-vi,48,8,48
vol-vi,49,8,49
vol-vi,50,8,50
vol-vi,51,8,51
vol-vi,52,8,52
vol-vi,53,8,53
vol-vi,54,8,54
vol-vi,55,8,55
vol-vi,56,8,56
vol-vi,57,8,57
vol-vi,58,8,58
vol-vi,59,8,59
vol-vi,60,8,60
vol-vi,61,8,61
vol-vi,62,8,62
vol-vi,63,8,63
vol-vi,64,8,64
vol-vi,65,8,65
vol-vi,66,8,66
vol-vi,67,8,67
vol-vi,68,8,68
vol-vi,69,8,69
vol-vi,70,8,70
vol-vi,71,8,71
vol-vi,72,8,72
vol-vi,73,8,73
vol-vi,74,8,74
vol-vi,75,8,75
vol-vi,76,8,76
vol-vi,77,8,77
vol-vi,78,8,78
vol-vi,79,8,79
vol-vi,80,8,80
vol-vi,81,8,81
vol-vi,82,8,82
vol-vi,83,8,83
vol-vi,84,8,84
vol-vi,85,8,85
vol-vi,86,8,86
vol-vi,87,8,87
vol-vi,88,8,88
vol-vi,89,8,89
vol-vi,90,8,90
vol-vi,91,8,91
vol-vi,92,8,92
vol-vi,93,8,93
vol-vi,94,8,94
vol-vi,95,8,95
vol-vi,96,8,96
vol-vi,97,9,1
vol-vi,98,9,2
vol-vi,99,9,3
vol-vi,100,9,4
vol-vi,101,9,5
vol-vi,102,9,6
vol-vi,103,9,7
vol-vi,104,9,8
vol-vi,105,9,9
vol-vi,106,9,10
vol-vi,107,9,11
vol-vi,108,9,12
vol-vi,109,9,13
vol-vi,110,9,14
vol-vi,111,9,15
vol-vi,112,9,16
vol-vi,113,9,17
vol-vi,114,9,18
vol-vi,115,9,19
vol-vi,116,9,20
vol-vi,117,9,21
vol-vi,118,9,22
vol-vi,119,9,23
vol-vi,120,9,24
vol-vi,121,9,25
vol-vi,122,9,26
vol-vi,123,9,27
vol-vi,124,9,28
vol-vi,125,9,29
vol-vi,126,9,30
vol-vi,127,9,31
vol-vi,128,9,32
vol-vi,129,9,33
vol-vi,130,9,34
vol-vi,131,9,35
vol-vi,132,9,36
vol-vi,133,9,37
vol-vi,134,9,38
vol-vi,135,9,39
vol-vi,136,9,40
vol-vi,137,9,41
vol-vi,138,9,42
vol-vi,139,9,43
vol-vi,140,9,44
vol-vi,141,9,45
vol-vi,142,9,46
vol-vi,143,9,47
vol-vi,144,9,48
vol-vi,145,9,49
vol-vi,146,9,50
vol-vi,147,9,51
vol-vi,148,9,52
vol-vi,149,9,53
vol-vi,150,9,54
vol-vi,151,9,55
vol-vi,152,9,56
vol-vi,153,9,57
vol-vi,154,9,58
vol-vi,155,9,59
vol-vi,156,9,60
vol-vi,157,9,61
vol-vi,158,9,62
vol-vi,159,9,63
vol-vi,160,9,64
vol-vi,161,9,65
vol-vi,162,10,1
vol-vi,163,10,2
vol-vi,164,10,3
vol-vi,165,10,4
vol-vi,166,10,5
vol-vi,167,10,6
vol-vi,168,10,7
vol-vi,169,10,8
vol-vi,170,10,9
vol-vi,171,10,10
vol-vi,172,10,11
vol-vi,173,10,12
vol-vi,174,10,13
vol-vi,175,10,14
vol-vi,176,10,15
vol-vi,177,10,16
vol-vi,178,10,17
vol-vi,179,10,18
vol-vi,180,11,1
vol-vi,181,11,2
vol-vi,182,11,3
vol-vi,183,11,4
vol-vi,184,11,5
vol-vi,185,11,6
vol-vi,186,11,7
vol-vi,187,11,8
vol-vi,188,11,9
vol-vi,189,11,10
vol-vi,190,11,11
vol-vi,191,11,12
vol-vi,192,11,13
vol-vi,193,11,14
vol-vi,194,11,15
vol-vi,195,11,16
vol-vi,196,11,17
vol-vi,197,11,18
vol-vi,198,11,19
vol-vi,199,11,20
vol-vi,200,11,21
vol-vi,201,11,22
vol-vi,202,11,23
vol-vi,203,11,24
vol-vi,204,11,25
vol-vi,205,11,26
vol-vi,206,11,27
vol-vii,1,12,1
vol-vii,2,12,2
vol-vii,3,12,3
vol-vii,4,12,4
vol-vii,5,12,5
vol-vii,6,12,6
vol-vii,7,12,7
vol-vii,8,12,8
vol-vii,9,12,9
vol-vii,10,12,10
vol-vii,11,12,11
vol-vii,12,12,12
vol-vii,13,12,13
vol-vii,14,12,14
vol-vii,15,12,15
vol-vii,16,12,16
vol-vii,17,12,17
vol-vii,18,12,18
vol-vii,19,12,19
vol-vii,20,12,20
vol-vii,21,12,21
vol-vii,22,12,22
vol-vii,23,12,23
vol-vii,24,12,24
vol-vii,25,12,25
vol-vii,26,12,26
vol-vii,27,12,27
vol-vii,28,12,28
vol-vii,29,12,29
vol-vii,30,12,30
vol-vii,31,12,31
vol-vii,32,12,32
vol-vii,33,12,33
vol-vii,34,12,34
vol-vii,35,12,35
vol-vii,36,12,36
vol-vii,37,12,37
vol-vii,38,12,38
vol-vii,39,12,39
vol-vii,40,12,40
vol-vii,41,12,41
vol-vii,42,12,42
vol-vii,43,12,43
vol-vii,44,12,44
vol-vii,45,12,45
vol-vii,46,12,46
vol-vii,47,12,47
vol-vii,48,12,48
vol-vii,49,12,49
vol-vii,50,12,50
vol-vii,51,12,51
vol-vii,52,12,52
vol-vii,53,12,53
vol-vii,54,12,54
vol-vii,55,12,55
vol-vii,56,12,56
vol-vii,57,12,57
vol-vii,58,12,58
vol-vii,59,12,59
vol-vii,60,12,60
vol-vii,61,12,61
vol-vii,62,12,62
vol-vii,63,12,63
vol-vii,64,12,64
vol-vii,65,12,65
vol-vii,66,12,66
vol-vii,67,12,67
vol-vii,68,12,68
vol-vii,69,12,69
vol-vii,70,12,70
vol-vii,71,12,71
vol-vii,72,12,72
vol-vii,73,12,73
vol-vii,74,12,74
vol-vii,75,12,75
vol-vii,76,12,76
vol-vii,77,12,77
vol-vii,78,12,78
vol-vii,79,12,79
vol-vii,80,12,80
vol-vii,81,12,81
vol-vii,82,12,82
vol-vii,83,12,83
vol-vii,84,12,84
vol-vii,85,12,85
vol-vii,86,12,86
vol-vii,87,12,87
vol-vii,88,12,88
vol-vii,89,12,89
vol-vii,90,12,90
vol-vii,91,12,91
vol-vii,92,12,92
vol-vii,93,12,93
vol-vii,94,12,94
vol-vii,95,12,95
vol-vii,96,12,96
vol-vii,97,12,97
vol-vii,98,12,98
vol-vii,99,12,99
vol-vii,100,12,100
vol-vii,101,12,101
vol-vii,102,12,102
vol-vii,103,12,103
vol-vii,104,12,104
vol-vii,105,12,105
vol-vii,106,12,106
vol-vii,107,12,107
vol-vii,108,12,108
vol-vii,109,12,109
vol-vii,110,12,110
vol-vii,111,12,111
vol-vii,112,12,112
vol-vii,113,12,113
vol-vii,114,12,114
vol-vii,115,12,115
vol-vii,116,12,116
vol-vii,117,12,117
vol-vii,118,12,118
vol-vii,119,12,119
vol-vii,120,12,120
vol-vii,121,12,121
vol-vii,122,12,122
vol-vii,123,12,123
vol-vii,124,12,124
vol-vii,125,12,125
vol-vii,126,12,126
vol-vii,127,12,127
vol-vii,128,12,128
vol-vii,129,12,129
vol-vii,130,12,130
vol-vii,131,12,131
vol-vii,132,12,132
vol-vii,133,12,133
vol-vii,134,12,134
vol-vii,135,12,135
vol-vii,136,12,136
vol-vii,137,12,137
vol-vii,138,12,138
vol-vii,139,12,139
vol-vii,140,12,140
vol-vii,141,12,141
vol-vii,142,12,142
vol-vii,143,12,143
vol-vii,144,12,144
vol-vii,145,12,145
vol-vii,146,12,146
vol-vii,147,12,147
vol-vii,148,12,148
vol-vii,149,12,149
vol-vii,150,12,150
vol-vii,151,12,151
vol-vii,152,12,152
vol-vii,153,12,153
vol-vii,154,12,154
vol-vii,155,12,155
vol-vii,156,12,156
vol-vii,157,12,157
vol-vii,158,12,158
vol-vii,159,12,159
vol-vii,160,12,160
vol-vii,161,12,161
vol-vii,162,12,162
vol-vii,163,12,163
vol-vii,164,12,164
vol-vii,165,12,165
vol-vii,166,12,166
vol-vii,167,12,167
vol-vii,168,12,168
vol-vii,169,12,169
vol-vii,170,12,170
vol-vii,171,12,171
vol-vii,172,12,172
vol-vii,173,12,173
vol-viii,1,12,174
vol-viii,2,12,175
vol-viii,3,12,176
vol-viii,4,12,177
vol-viii,5,12,178
vol-viii,6,12,179
vol-viii,7,12,180
vol-viii,8,12,181
vol-viii,9,12,182
vol-viii,10,12,183
vol-viii,11,12,184
vol-viii,12,12,185
vol-viii,13,12,186
vol-viii,14,12,187
vol-viii,15,12,188
vol-viii,16,12,189
vol-viii,17,12,190
vol-viii,18,12,191
vol-viii,19,12,192
vol-viii,20,12,193
vol-viii,21,12,194
vol-viii,22,12,195
vol-viii,23,12,196
vol-viii,24,12,197
vol-viii,25,12,198
vol-viii,26,12,199
vol-viii,27,12,200
vol-viii,28,12,201
vol-viii,29,12,202
vol-viii,30,12,203
vol-viii,31,12,204
vol-viii,32,12,205
vol-viii,33,12,206
vol-viii,34,12,207
vol-viii,35,12,208
vol-viii,36,12,209
vol-viii,37,12,210
vol-viii,38,12,211
vol-viii,39,12,212
vol-viii,40,12,213
vol-viii,41,12,214
vol-viii,42,12,215
vol-viii,43,12,216
vol-viii,44,12,217
vol-viii,45,12,218
vol-viii,46,12,219
vol-viii,47,12,220
vol-viii,48,12,221
vol-viii,49,12,222
vol-viii,50,12,223
vol-viii,51,12,224
vol-viii,52,12,225
vol-viii,53,12,226
vol-viii,54,12,227
vol-viii,55,12,228
vol-viii,56,12,229
vol-viii,57,12,230
vol-viii,58,12,231
vol-viii,59,12,232
vol-viii,60,12,233
vol-viii,61,12,234
vol-viii,62,12,235
vol-viii,63,12,236
vol-viii,64,12,237
vol-viii,65,12,238
vol-viii,66,12,239
vol-viii,67,12,240
vol-viii,68,12,241
vol-viii,69,12,242
vol-viii,70,12,243
vol-viii,71,12,244
vol-viii,72,12,245
vol-viii,73,12,246
vol-viii,74,12,247
vol-viii,75,12,248
vol-viii,76,12,249
vol-viii,77,12,250
vol-viii,78,12,251
vol-viii,79,12,252
vol-viii,80,12,253
vol-viii,81,12,254
vol-viii,82,12,255
vol-viii,83,12,256
vol-viii,84,12,257
vol-viii,85,12,258
vol-viii,86,12,259
vol-viii,87,12,260
vol-viii,88,12,261
vol-viii,89,12,262
vol-viii,90,12,263
vol-viii,91,12,264
vol-viii,92,12,265
vol-viii,93,12,266
vol-viii,94,12,267
vol-viii,95,12,268
vol-viii,96,12,269
vol-viii,97,12,270
vol-viii,98,12,271
vol-viii,99,12,272
vol-viii,100,12,273
vol-viii,101,12,274
vol-viii,102,12,275
vol-viii,103,12,276
vol-viii,104,12,277
vol-viii,105,12,278
vol-viii,106,12,279
vol-viii,107,12,280
vol-viii,108,12,281
vol-viii,109,12,282
vol-viii,110,12,283
vol-viii,111,12,284
vol-viii,112,12,285
vol-viii,113,12,286
vol-viii,114,12,287
vol-viii,115,12,288
vol-viii,116,12,289
vol-viii,117,12,290
vol-viii,118,12,291
vol-viii,119,12,292
vol-viii,120,12,293
vol-viii,121,12,294
vol-viii,122,12,295
vol-viii,123,12,296
vol-viii,124,12,297
vol-viii,125,12,298
vol-viii,126,12,299
vol-viii,127,12,300
vol-viii,128,12,301
vol-viii,129,12,302
vol-viii,130,12,303
vol-viii,131,12,304
vol-viii,132,12,305
vol-viii,133,12,306
vol-viii,134,12,307
vol-viii,135,12,308
vol-viii,136,12,309
vol-viii,137,12,310
vol-viii,138,12,311
vol-viii,139,12,312
vol-viii,140,12,313
vol-viii,141,12,314
vol-viii,142,12,315
vol-viii,143,12,316
vol-viii,144,12,317
vol-viii,145,12,318
vol-viii,146,12,319
vol-viii,147,12,320
vol-viii,148,12,321
vol-viii,149,12,322
vol-viii,150,12,323
vol-viii,151,12,324
vol-viii,152,12,325
vol-viii,153,12,326
vol-viii,154,12,327
vol-viii,155,12,328
vol-viii,156,12,329
vol-viii,157,12,330
vol-viii,158,12,331
vol-viii,159,12,332
vol-viii,160,12,333
vol-viii,161,12,334
vol-viii,162,12,335
vol-viii,163,12,336
vol-viii,164,12,337
vol-viii,165,12,338
vol-viii,166,12,339
vol-viii,167,12,340
vol-viii,168,12,341
vol-viii,169,12,342
vol-viii,170,12,343
vol-viii,171,12,344
vol-viii,172,12,345
vol-viii,173,12,346
vol-viii,174,12,347
vol-viii,175,12,348
vol-viii,176,12,349
vol-viii,177,12,350
vol-viii,178,12,351
vol-viii,179,12,352
vol-viii,180,12,353
vol-viii,181,12,354
vol-viii,182,12,355
vol-viii,183,12,356
vol-viii,184,12,357
vol-viii,185,12,358
vol-viii,186,12,359
vol-viii,187,12,360
vol-viii,188,12,361
vol-viii,189,12,362
vol-viii,190,12,363
vol-viii,191,12,364
vol-viii,192,12,365
vol-ix,1,13,1
vol-ix,2,13,2
vol-ix,3,13,3
vol-ix,4,13,4
vol-ix,5,13,5
vol-ix,6,13,6
vol-ix,7,13,7
vol-ix,8,13,8
vol-ix,9,13,9
vol-ix,10,13,10
vol-ix,11,13,11
vol-ix,12,13,12
vol-ix,13,13,13
vol-ix,14,13,14
vol-ix,15,13,15
vol-ix,16,13,16
vol-ix,17,13,17
vol-ix,18,13,18
vol-ix,19,13,19
vol-ix,20,13,20
vol-ix,21,13,21
vol-ix,22,13,22
vol-ix,23,13,23
vol-ix,24,13,24
vol-ix,25,13,25
vol-ix,26,13,26
vol-ix,27,13,27
vol-ix,28,13,28
vol-ix,29,13,29
vol-ix,30,13,30
vol-ix,31,13,31
vol-ix,32,13,32
vol-ix,33,13,33
vol-ix,34,13,34
vol-ix,35,13,35
vol-ix,36,13,36
vol-ix,37,13,37
vol-ix,38,13,38
vol-ix,39,13,39
vol-ix,40,13,40
vol-ix,41,13,41
vol-ix,42,13,42
vol-ix,43,13,43
vol-ix,44,13,44
vol-ix,45,13,45
vol-ix,46,13,46
vol-ix,47,13,47
vol-ix,48,13,48
vol-ix,49,13,49
vol-ix,50,13,50
vol-ix,51,13,51
vol-ix,52,13,52
vol-ix,53,13,53
vol-ix,54,13,54
vol-ix,55,13,55
vol-ix,56,13,56
vol-ix,57,13,57
vol-ix,58,13,58
vol-ix,59,13,59
vol-ix,60,13,60
vol-ix,61,13,61
vol-ix,62,13,62
vol-ix,63,13,63
vol-ix,64,13,64
vol-ix,65,13,65
vol-ix,66,13,66
vol-ix,67,13,67
vol-ix,68,13,68
vol-ix,69,13,69
vol-ix,70,13,70
vol-ix,71,13,71
vol-ix,72,13,72
vol-ix,73,13,73
vol-ix,74,13,74
vol-ix,75,13,75
vol-ix,76,13,76
vol-ix,77,13,77
vol-ix,78,13,78
vol-ix,79,13,79
vol-ix,80,13,80
vol-ix,81,13,81
vol-ix,82,13,82
vol-ix,83,13,83
vol-ix,84,13,84
vol-ix,85,13,85
vol-ix,86,13,86
vol-ix,87,13,87
vol-ix,88,13,88
vol-ix,89,13,89
vol-ix,90,13,90
vol-ix,91,13,91
vol-ix,92,13,92
vol-ix,93,13,93
vol-ix,94,13,94
vol-ix,95,13,95
vol-ix,96,13,96
vol-ix,97,13,97
vol-ix,98,13,98
vol-ix,99,13,99
vol-ix,100,13,100
vol-ix,101,13,101
vol-ix,102,13,102
vol-ix,103,13,103
vol-ix,104,13,104
vol-ix,105,13,105
vol-ix,106,13,106
vol-ix,107,13,107
vol-ix,108,13,108
vol-ix,109,13,109
vol-ix,110,13,110
vol-ix,111,13,111
vol-ix,112,13,112
vol-ix,113,13,113
vol-ix,114,13,114
vol-ix,115,13,115
vol-ix,116,13,116
vol-ix,117,13,117
vol-ix,118,13,118
vol-ix,119,13,119
vol-ix,120,13,120
vol-ix,121,13,121
vol-ix,122,13,122
vol-ix,123,13,123
vol-ix,124,13,124
vol-ix,125,13,125
vol-ix,126,13,126
vol-ix,127,13,127
vol-ix,128,13,128
vol-ix,129,13,129
vol-ix,130,13,130
vol-ix,131,13,131
vol-ix,132,13,132
vol-ix,133,13,133
vol-ix,134,13,134
vol-ix,135,13,135
vol-ix,136,13,136
vol-ix,137,13,137
vol-ix,138,13,138
vol-ix,139,13,139
vol-ix,140,13,140
vol-ix,141,13,141
vol-ix,142,13,142
vol-ix,143,13,143
vol-ix,144,13,144
vol-ix,145,13,145
vol-ix,146,13,146
vol-ix,147,13,147
vol-ix,148,13,148
vol-ix,149,13,149
vol-ix,150,13,150
vol-ix,151,13,151
vol-ix,152,13,152
vol-ix,153,13,153
vol-ix,154,13,154
vol-ix,155,13,155
vol-ix,156,13,156
vol-ix,157,13,157
vol-ix,158,13,158
vol-ix,159,13,159
vol-ix,160,13,160
vol-ix,161,13,161
vol-ix,162,13,162
vol-ix,163,13,163
vol-ix,164,13,164
vol-ix,165,13,165
vol-ix,166,13,166
vol-ix,167,13,167
vol-ix,168,13,168
vol-ix,169,14,1
vol-ix,170,14,2
vol-ix,171,14,3
vol-ix,172,14,4
vol-ix,173,14,5
vol-ix,174,14,6
vol-ix,175,14,7
vol-ix,176,14,8
vol-ix,177,14,9
vol-ix,178,14,10
vol-ix,179,14,11
vol-ix,180,14,12
vol-ix,181,14,13
vol-ix,182,14,14
vol-ix,183,14,15
vol-ix,184,14,16
vol-ix,185,14,17
vol-ix,186,14,18
vol-ix,187,14,19
vol-ix,188,14,20
vol-ix,189,14,21
vol-ix,190,14,22
vol-ix,191,14,23
vol-ix,192,14,24
vol-ix,193,14,25
vol-ix,194,14,26
vol-ix,195,14,27
vol-ix,196,14,28
vol-ix,197,14,29
vol-ix,198,14,30
vol-ix,199,14,31
vol-ix,200,14,32
vol-ix,201,14,33
vol-ix,202,14,34
vol-ix,203,14,35
vol-ix,204,14,36
vol-ix,205,14,37
vol-ix,206,14,38
vol-ix,207,14,39
vol-ix,208,14,40
vol-ix,209,14,41
vol-ix,210,14,42
vol-ix,211,14,43
vol-ix,212,14,44
vol-ix,213,14,45
vol-ix,214,14,46
vol-ix,215,14,47
vol-ix,216,14,48
vol-ix,217,14,49
vol-ix,218,14,50
vol-ix,219,14,51
vol-ix,220,14,52
vol-ix,221,14,53
vol-ix,222,14,54
vol-ix,223,14,55
vol-ix,224,14,56
vol-ix,225,14,57
vol-ix,226,14,58
vol-ix,227,14,59
vol-ix,228,14,60
vol-ix,229,14,61
vol-ix,230,14,62
vol-ix,231,14,63
vol-ix,232,14,64
vol-ix,233,14,65
vol-ix,234,14,66
vol-ix,235,14,67
vol-ix,236,14,68
vol-ix,237,14,69
vol-ix,238,14,70
vol-ix,239,14,71
vol-ix,240,14,72
vol-ix,241,14,73
vol-ix,242,14,74
vol-ix,243,14,75
vol-ix,244,14,76
vol-ix,245,14,77
vol-ix,246,14,78
vol-ix,247,14,79
vol-ix,248,14,80
vol-ix,249,14,81
vol-ix,250,14,82
vol-ix,251,14,83
vol-ix,252,14,84
vol-ix,253,14,85
vol-ix,254,14,86
vol-ix,255,14,87
vol-ix,256,14,88
vol-ix,257,14,89
vol-ix,258,14,90
vol-ix,259,14,91
vol-ix,260,14,92
vol-ix,261,15,1
vol-ix,262,15,2
vol-ix,263,15,3
vol-ix,264,15,4
vol-ix,265,15,5
vol-ix,266,15,6
vol-ix,267,15,7
vol-ix,268,15,8
vol-ix,269,15,9
vol-ix,270,15,10
vol-ix,271,15,11
vol-ix,272,15,12
vol-ix,273,15,13
vol-ix,274,15,14
vol-ix,275,15,15
vol-ix,276,15,16
vol-ix,277,15,17
vol-ix,278,15,18
vol-ix,279,15,19
vol-ix,280,15,20
vol-ix,281,15,21
vol-ix,282,15,22
vol-ix,283,15,23
vol-ix,284,15,24
vol-ix,285,15,25
vol-ix,286,15,26
vol-ix,287,15,27
vol-ix,288,15,28
vol-ix,289,15,29
vol-ix,290,15,30
vol-ix,291,15,31
vol-ix,292,15,32
vol-ix,293,15,33
vol-ix,294,15,34
vol-ix,295,15,35
vol-ix,296,15,36
vol-ix,297,15,37
vol-ix,298,15,38
vol-ix,299,15,39
vol-ix,300,16,1
vol-ix,301,16,2
vol-ix,302,16,3
vol-ix,303,16,4
vol-ix,304,16,5
vol-ix,305,16,6
vol-ix,306,16,7
vol-ix,307,16,8
vol-ix,308,17,1
vol-ix,309,17,2
vol-ix,310,17,3
vol-ix,311,18,1
vol-ix,312,18,2
vol-ix,313,18,3
vol-ix,314,18,4
vol-ix,315,18,5
vol-ix,316,18,6